<?xml version="1.0"?>

<dialogueTree>
  <!-- test -->
  <dialogueExample Id="0">
    <node text="Hello do you have a moment?"  id="0">
      <dialogue option="1: No sorry" activeID="0" completeID="0" nextNode="1"/>
      <dialogue option="2: Yes what is it?" activeID="0" completeID="0" nextNode="2"/>
    </node>
    <node text="Thats to bad bye"  id="1">
      <dialogue option="1: Bye" activeID="0" completeID="0" nextNode="100"/>
    </node>
    <node text="I have a quest for you" id="2">
      <dialogue option="1: Not interested" activeID="0" completeID="0" nextNode="100"/>
      <dialogue option="2: What do I have to do?" activeID="0" completeID="0" nextNode="4"/>
      <dialogue option="3: I dont work for free" activeID="0" completeID="0" nextNode="3"/>
    </node>
    <node text="I can pay you five gold coins" id="3">
      <dialogue option="1: Then we have a deal whats the quest about?" activeID="0" completeID="0" nextNode="4"/>
      <dialogue option="2:Thats not enough bye" activeID="0" completeID="0" nextNode="100"/>
    </node>
    <node text="Killing some giant rats" id="4">
      <dialogue option="1: Lets do it already" activeID="0" completeID="0" nextNode="101"/>
      <dialogue option="2: Im scared of rats" activeID="0" completeID="0" nextNode="100"/>
    </node>
    <node text ="End of conversation R to talk again" id ="100">
    </node>
    <node text ="Mision accepted R to talk again" id ="101">
    </node>
  </dialogueExample>
  <!-- NPC -->
  <!-- Librarian -->
  <dialogueExample Id="1">
    <node text="Hi welcome to the library"  id="0">
      <dialogue option="Continue" activeID="0" completeID="0" nextNode="1"/>
    </node>
    <node text="Do you want somethething?"  id="1">
      <dialogue option="Information" activeID="0" completeID="0" nextNode="2"/>
      <dialogue option="No thanks" activeID="0" completeID="0" nextNode="100"/>
    </node>
    <node text="Information about what?" id="2">
      <dialogue option="Movement" activeID="0" completeID="0" nextNode="3"/>
      <dialogue option="Interactions" activeID="0" completeID="0" nextNode="4"/>
      <dialogue option="Im fine" activeID="0" completeID="0" nextNode="100"/>
    </node>
    <node text="You can move using WASD or the left joystick" id="3">
      <dialogue option="Continue" activeID="0" completeID="0" nextNode="100"/>
    </node>
    <node text="Press E to interact with people and objects" id="4">
      <dialogue option="Continue" activeID="0" completeID="0" nextNode="100"/>
    </node>
    <node text ="Bye" id ="100">
    </node>
  </dialogueExample>
  <!-- Director (Activate Quest 1) -->
  <dialogueExample Id="2">
    <node text="Kenzie, welcome to LansDowne"  id="0">
      <dialogue option="Continue" activeID="0" completeID="0" nextNode="1"/>
    </node>
    <node text="One of the few academies where we study magic"  id="1">
      <dialogue option="Continue" activeID="0" completeID="0" nextNode="2"/>
    </node>
    <node text="Can you get me the card from the right shelving?"  id="2">
      <dialogue option="Sure" activeID="0" completeID="0" nextNode="3"/>
      <dialogue option="How?" activeID="0" completeID="0" nextNode="4"/>
    </node>
      <node text="Thanks I will be right here"  id="3">
        <dialogue option="Continue" activeID="1" completeID="0" nextNode="100"/>
    </node>
    <node text="Press the interaction button E to grab the card"  id="4">
      <dialogue option="Continue" activeID="1" completeID="0" nextNode="100"/>
    </node>
    <node text ="Bye" id ="100">
    </node>
  </dialogueExample>
  <!-- Book Guy (active quest 03) -->
  <dialogueExample Id="3">
    <node text="Hmmmm...."  id="0">
      <dialogue option="Continue" activeID="0" completeID="0" nextNode="1"/>
    </node>
    <node text="Where could it be?"  id="1">
      <dialogue option="What happens?" activeID="0" completeID="0" nextNode="2"/>
      <dialogue option="..." activeID="0" completeID="0" nextNode="4"/>
    </node>
    <node text="I cant find the book im looking for"  id="2">
      <dialogue option="I will find it" activeID="0" completeID="0" nextNode="3"/>
      <dialogue option="Good luck" activeID="0" completeID="0" nextNode="100"/>
    </node>
    <node text="For real? Thanks! It's called 'The 12 principles of magic'"  id="3">
      <dialogue option="Continue" activeID="3" completeID="0" nextNode="5"/>
    </node>
    <node text="..."  id="4">
      <dialogue option="Continue" activeID="0" completeID="0" nextNode="100"/>
    </node>
    <node text="I'll look over here, maybe it is on the classrooms"  id="5">
      <dialogue option="Continue" activeID="0" completeID="0" nextNode="100"/>
    </node>
    <node text ="Bye" id ="100">
    </node>
  </dialogueExample>
  <!-- Arcade Boy -->
  <dialogueExample Id="4">
    <node text="This level is way to hard I cant finish it"  id="0">
      <dialogue option="Hi" activeID="0" completeID="0" nextNode="1"/>
      <dialogue option="Nerd stuff" activeID="0" completeID="0" nextNode="100"/>
    </node>
    <node text="Hi, have you tried these arcades?"  id="1">
      <dialogue option="Yes" activeID="0" completeID="0" nextNode="2"/>
      <dialogue option="No" activeID="0" completeID="0" nextNode="3"/>
    </node>
    <node text="They use the users magic to work not electricity"  id="2">
      <dialogue option="Continue" activeID="0" completeID="0" nextNode="4"/>
    </node>
    <node text="You should try once!"  id="3">
      <dialogue option="Continue" activeID="0" completeID="0" nextNode="2"/>
    </node>
    <node text="Who will it be the number 1 in the ranking?"  id="4">
      <dialogue option="Continue" activeID="0" completeID="0" nextNode="5"/>
    </node>
    <node text="Nobody knows, his nickname is raysan5"  id="5">
      <dialogue option="Continue" activeID="0" completeID="0" nextNode="100"/>
    </node>
    <node text ="Bye" id ="100">
    </node>
  </dialogueExample>
  <!-- Teacher -->
  <dialogueExample Id="5">
    <node text="Hello, there is no class now"  id="0">
      <dialogue option="Continue" activeID="0" completeID="0" nextNode="1"/>
    </node>
    <node text="Still I can explain the magic archetipes if you want"  id="1">
      <dialogue option="Ask" activeID="0" completeID="0" nextNode="2"/>
      <dialogue option="I have to do something" activeID="0" completeID="0" nextNode="100"/>
    </node>
    <node text="There are four especialitations with diferent uses"  id="2">
      <dialogue option="Continue" activeID="0" completeID="0" nextNode="3"/>
    </node>
    <node text="There is aura, elemental..."  id="3">
      <dialogue option="About aura" activeID="0" completeID="0" nextNode="5"/>
      <dialogue option="About elemental" activeID="0" completeID="0" nextNode="6"/>
      <dialogue option="Continue" activeID="0" completeID="0" nextNode="4"/>
    </node>
    <node text="also nexus and light magic"  id="4">
      <dialogue option="About nexus" activeID="0" completeID="0" nextNode="7"/>
      <dialogue option="About light" activeID="0" completeID="0" nextNode="8"/>
      <dialogue option="Enough" activeID="0" completeID="0" nextNode="100"/>
    </node>
    <node text="Aura magic improves the physical skills of the user"  id="5">
      <dialogue option="Continue" activeID="0" completeID="0" nextNode="3"/>
    </node>
    <node text="Elemental magic is the best to attack enemies"  id="6">
      <dialogue option="Continue" activeID="0" completeID="0" nextNode="3"/>
    </node>
    <node text="Nexus magic can help or disturb others"  id="7">
      <dialogue option="Continue" activeID="0" completeID="0" nextNode="3"/>
    </node>
    <node text="Light magic heals the diseases"  id="8">
      <dialogue option="Continue" activeID="0" completeID="0" nextNode="3"/>
    </node>
    <node text ="Bye" id ="100">
    </node>
  </dialogueExample>
  <!-- Student (Quest 05)-->
  <dialogueExample Id="6">
    <node text="The affinities will enter on the next exam"  id="0">
      <dialogue option="Affinities?" activeID="0" completeID="0" nextNode="1"/>
      <dialogue option="Already know" activeID="0" completeID="0" nextNode="100"/>
      <dialogue option="Test me" activeID="5" completeID="0" nextNode="15"/>
    </node>
    <node text="Every magic has an affinity, there are 7 types"  id="1">
      <dialogue option="Continue" activeID="0" completeID="0" nextNode="2"/>
    </node>
    <node text="Enemies are weak or resitant to certain types"  id="2">
      <dialogue option="Continue" activeID="0" completeID="0" nextNode="3"/>
    </node>
    <node text="Do you want to study with me?"  id="3">
      <dialogue option="Sure" activeID="0" completeID="0" nextNode="4"/>
      <dialogue option="Nope" activeID="0" completeID="0" nextNode="100"/>
    </node>
    <node text="What do we study?"  id="4">
      <dialogue option="Fire" activeID="0" completeID="0" nextNode="7"/>
      <dialogue option="Earth" activeID="0" completeID="0" nextNode="8"/>
      <dialogue option="Other" activeID="0" completeID="0" nextNode="5"/>
    </node>
    <node text="What do we study?"  id="5">
      <dialogue option="Water" activeID="0" completeID="0" nextNode="9"/>
      <dialogue option="Electricity" activeID="0" completeID="0" nextNode="10"/>
      <dialogue option="Other" activeID="0" completeID="0" nextNode="6"/>
    </node>
    <node text="What do we study?"  id="6">
      <dialogue option="Light" activeID="0" completeID="0" nextNode="11"/>
      <dialogue option="Shadow" activeID="0" completeID="0" nextNode="12"/>
      <dialogue option="Physical" activeID="0" completeID="0" nextNode="13"/>
    </node>
    <node text="Fire magic deals massive damage"  id="7">
      <dialogue option="Continue" activeID="0" completeID="0" nextNode="14"/>
    </node>
    <node text="Earth magic can boost defense"  id="8">
      <dialogue option="Continue" activeID="0" completeID="0" nextNode="14"/>
    </node>
    <node text="Water magic can heal or inflict poison"  id="9">
      <dialogue option="Continue" activeID="0" completeID="0" nextNode="14"/>
    </node>
    <node text="Electricity can shook the enemy and slowing them"  id="10">
      <dialogue option="Continue" activeID="0" completeID="0" nextNode="14"/>
    </node>
    <node text="Light magic heal allies wounds and status"  id="11">
      <dialogue option="Continue" activeID="0" completeID="0" nextNode="14"/>
    </node>
    <node text="Shadow magic disrupt the enemies"  id="12">
      <dialogue option="Continue" activeID="0" completeID="0" nextNode="14"/>
    </node>
    <node text="Physical attacks usually have no special effects"  id="13">
      <dialogue option="Continue" activeID="0" completeID="0" nextNode="14"/>
    </node>
    <node text="Do you want to study any other?"  id="14">
      <dialogue option="Yes" activeID="0" completeID="0" nextNode="4"/>
      <dialogue option="Done with this" activeID="0" completeID="0" nextNode="100"/>
    </node>
    <node text="Okey, three questions let's start"  id="15">
      <dialogue option="Continue" activeID="0" completeID="0" nextNode="17"/>
      <dialogue option="Let's not" activeID="0" completeID="0" nextNode="16"/>
    </node>
    <node text="Come back when u feel ready"  id="16">
      <dialogue option="Continue" activeID="0" completeID="0" nextNode="100"/>
    </node>
    <node text="1: Which of those elements can't heal?"  id="17">
      <dialogue option="Water" activeID="0" completeID="0" nextNode="21"/>
      <dialogue option="Earth" activeID="0" completeID="0" nextNode="18"/>
      <dialogue option="Light" activeID="0" completeID="0" nextNode="21"/>
    </node>
    <node text="2: What especialitation improves the physical skills?"  id="18">
      <dialogue option="Aura" activeID="0" completeID="0" nextNode="19"/>
      <dialogue option="Elemental" activeID="0" completeID="0" nextNode="21"/>
      <dialogue option="Nexus" activeID="0" completeID="0" nextNode="21"/>
    </node>
    <node text="3: Whats the name of the school?"  id="19">
      <dialogue option="Howarts" activeID="0" completeID="0" nextNode="21"/>
      <dialogue option="LansDowne" activeID="0" completeID="0" nextNode="20"/>
      <dialogue option="Alfae" activeID="0" completeID="0" nextNode="21"/>
    </node>
    <node text="You got them all right congrats!"  id="20">
      <dialogue option="Aura" activeID="0" completeID="5" nextNode="100"/>
    </node>
    <node text="Nope, do you wanna try again?"  id="21">
      <dialogue option="Yes" activeID="0" completeID="0" nextNode="17"/>
      <dialogue option="Nope bye" activeID="0" completeID="0" nextNode="100"/>
    </node>
    <node text ="Bye" id ="100">
    </node>
  </dialogueExample>
  <!-- Interactuable Object -->
  <!-- Poster -->
  <dialogueExample Id="7">
    <node text="Director's room"  id="0">
      <dialogue option="Continue" activeID="0" completeID="0" nextNode="100"/>
    </node>
    <node text ="Bye" id ="100">
    </node>
  </dialogueExample>
  <!-- Barrier -->
  <dialogueExample Id="8">
    <node text="Emanates magic that doesn't let me pass"  id="0">
      <dialogue option="Continue" activeID="0" completeID="0" nextNode="100"/>
    </node>
    <node text ="Bye" id ="100">
    </node>
  </dialogueExample>
  <!-- Barrier 2 -->
  <dialogueExample Id="9">
    <node text="Seems easy to pass but it's not that simple"  id="0">
      <dialogue option="Continue" activeID="0" completeID="0" nextNode="100"/>
    </node>
    <node text ="Bye" id ="100">
    </node>
  </dialogueExample>
  <!-- Arcade -->
  <dialogueExample Id="10">
    <node text="I could play Dino or Ian's adventure on these arcades"  id="0">
      <dialogue option="Continue" activeID="0" completeID="0" nextNode="100"/>
    </node>
    <node text ="Bye" id ="100">
    </node>
  </dialogueExample>
  <!-- TV -->
  <dialogueExample Id="11">
    <node text="Not in the mood for some Neetflex"  id="0">
      <dialogue option="Continue" activeID="0" completeID="0" nextNode="100"/>
    </node>
    <node text ="Bye" id ="100">
    </node>
  </dialogueExample>
  <!-- Magic Book (Quest 04)-->
  <dialogueExample Id="12">
    <node text="It says: 'The 12 principles of magic'"  id="0">
      <dialogue option="Continue" activeID="0" completeID="0" nextNode="1"/>
    </node>
    <node text="You could take it"  id="1">
      <dialogue option="Grab it" activeID="4" completeID="3" nextNode="100"/>
      <dialogue option="Don't need it" activeID="0" completeID="0" nextNode="100"/>
    </node>
    <node text ="Bye" id ="100">
    </node>
  </dialogueExample>
  <!-- Coffe Machine -->
  <dialogueExample Id="13">
    <node text="What coffee should I get?"  id="0">
      <dialogue option="Latte" activeID="0" completeID="0" nextNode="1"/>
      <dialogue option="Cappuccino" activeID="0" completeID="0" nextNode="1"/>
      <dialogue option="None" activeID="0" completeID="0" nextNode="100"/>
    </node>
    <node text ="I need the student card..." id ="1">
      <dialogue option="No coffee then :(" activeID="0" completeID="0" nextNode="100"/>
    </node>
    <node text ="Bye" id ="100">
    </node>
  </dialogueExample>
  <!-- Soda Machine -->
  <dialogueExample Id="14">
    <node text="What should I take"  id="0">
      <dialogue option="Water" activeID="0" completeID="0" nextNode="1"/>
      <dialogue option="Cola" activeID="0" completeID="0" nextNode="1"/>
      <dialogue option="None" activeID="0" completeID="0" nextNode="100"/>
    </node>
    <node text ="I need the student card..." id ="1">
      <dialogue option="Continue" activeID="0" completeID="0" nextNode="100"/>
    </node>
    <node text ="Bye" id ="100">
    </node>
  </dialogueExample>
  <!-- Director's Card (Quest 01) -->
  <dialogueExample Id="15">
    <node text="I found the Card"  id="0">
      <dialogue option="Continue" activeID="2" completeID="1" nextNode="100"/>
    </node>
    <node text ="Bye" id ="100">
    </node>
  </dialogueExample>
  <!-- Director (Complete Quest 02) -->
  <dialogueExample Id="16">
    <node text="Thanks Kenzie, my knees are not what they used to be"  id="0">
      <dialogue option="Continue" activeID="0" completeID="2" nextNode="100"/>
    </node>
    <node text ="Bye" id ="100">
    </node>
  </dialogueExample>
  <!-- Book Guy (Complete Quest 04) -->
  <dialogueExample Id="17">
    <node text="Thanks for the book"  id="0">
      <dialogue option="No problem" activeID="0" completeID="4" nextNode="1"/>
    </node>
    <node text="I can't wait the exams to end to read it"  id="1">
      <dialogue option="Same" activeID="0" completeID="0" nextNode="100"/>
    </node>
    <node text ="Bye" id ="100">
    </node>
  </dialogueExample>
</dialogueTree>
