<?xml version="1.0"?>

<magics>

	<!-- 
  type:       0 = Attack / 1 = Heal / 2 = HealTeam / 3 = AttackArea
	element:    1 = fxFireball / 2 = fxHealing / 3 = fxShadow / 4 = Rayo / 5 = Garra / 6 = Explosion
  particle:   LIGHTNING = 0 / FIRE_BALL = 1 / EXPLOSION = 2 / EXPLOSION_BALL = 3 / FIRE_SMOKE = 4 /	SHADOW = 5 /	ENERGY = 6 / CLAW = 7


	-Magic List
	
		-Attack-
	<magic level = "1" type = "0" name="Fire Ball" damage="10" mana ="5" description ="Channels a small ember and targets one enemy dealing fire damage" element = "1" particle ="1"/>
	<magic level = "1" type = "0" name="Atomic Fission" damage="40" mana ="20" description ="Detach one atom into its parts generating a great mass of energy" element = "6" particle ="2"/>
	<magic level = "1" type = "0" name="Shadow" damage="20" mana ="10" description ="The user throws a shadowy blob at the opponent" element = "3" particle ="5"/>	
	<magic level = "1" type = "0" name="Shadow Claw" damage="9" mana ="6" description ="Invokes a giant animal hand that slashing the one enemy" element = "5" particle ="7"/>	
  
		-Heal-
	<magic level = "1" type = "1" name="Healing" damage="7" mana ="5" description ="Creates water to heal one ally wounds." element = "2" particle ="6"/>
		
		-HealTeam-
	<magic level = "1" type = "2" name="Restoration" damage="4" mana ="5" description ="Invokes divine light that heals all allies" element = "2" particle ="6"/>
	
		-AttackArea-
	<magic level = "1" type = "3" name="Magma Sprout" damage="7" mana ="5" description ="The user blend lava out of the earth dealing fire damage to all enemies" element = "1" particle ="4"/>
	<magic level = "1" type = "3" name="Thunder Shock" damage="9" mana ="7" description ="Summons an electric discharge from above dealing damage to one enemy" element = "4" particle ="0"/>	
	-->
	
	<!-- Kenzie -->
	<character ID= "15">
    <magic level = "1" type = "0" name="Fire Ball" damage="10" mana ="5" description ="Channels a small ember and targets one enemy dealing fire damage" element = "1" particle ="1"/>
    <magic level = "1" type = "3" name="Magma" damage="7" mana ="5" description ="The user blend lava out of the earth dealing fire damage to all enemies" element = "1" particle ="4"/>
    <magic level = "1" type = "3" name="Thunder" damage="9" mana ="7" description ="Summons an electric discharge from above dealing damage to one enemy" element = "4" particle ="0"/>

  </character>
	
	<!-- Keiler -->
	<character ID= "16">
    <magic level = "1" type = "0" name="Claw" damage="9" mana ="6" description ="Invokes a giant animal hand that slashing the one enemy" element = "5" particle ="7"/>
    <magic level = "1" type = "0" name="Shadow" damage="20" mana ="10" description ="The user throws a shadowy blob at the opponent" element = "3" particle ="5"/>
    <magic level = "1" type = "1" name="Healing" damage="7" mana ="5" description ="Creates water to heal one ally wounds." element = "2" particle ="6"/>

  </character>
	
	<!-- Isrra -->
	<character ID = "17">
    <magic level = "1" type = "1" name="Healing" damage="7" mana ="5" description ="Creates water to heal one ally wounds" element = "2" particle ="6"/>
    <magic level = "1" type = "2" name="Restore" damage="4" mana ="5" description ="Invokes divine light that heals all allies" element = "2" particle ="6"/>
    <magic level = "1" type = "0" name="Fire Ball" damage="10" mana ="5" description ="Channels a small ember and targets one enemy dealing fire damage" element = "1" particle ="1"/>
  </character>
	
	<!-- Brenda -->
	<character ID = "18">
    <magic level = "1" type = "0" name="Fission" damage="40" mana ="20" description ="Detach one atom into its parts generating a great mass of energy" element = "6" particle ="2"/>
    <magic level = "1" type = "0" name="Claw" damage="9" mana ="6" description ="Invokes a giant animal hand that slashing the one enemy" element = "5" particle ="7"/>
    <magic level = "1" type = "1" name="Healing" damage="7" mana ="5" description ="Creates water to heal one ally wounds." element = "2" particle ="6"/>
  </character>
  
</magics>
