<?xml version="1.0"?>

<magics>

	<!-- type 0 = Attack / 1 = Heal / 2 = HealTeam / 3 = AttackArea-->
	<!-- 
	-Magic List
	
		-Attack-
	<magic level = "1" type = "0" name="Fire Ball" damage="10" mana ="5" description ="Una bola de fuego" element = "1"/>
	<magic level = "1" type = "0" name="Super Fire" damage="40" mana ="18" description ="Una bola de fuego muy grande" element = "1"/>
	<magic level = "1" type = "0" name="Shadow" damage="20" mana ="10" description ="Invoca una sombra que ataca" element = "3"/>	
		
		-Heal-
	<magic level = "1" type = "1" name="Healing" damage="7" mana ="5" description ="Hechizo de curacion" element = "2"/>
		
		-HealTeam-
	<magic level = "1" type = "2" name="Restoration" damage="4" mana ="5" description ="Hechizo de curacion en area" element = "2"/>
	
		-AttackArea-
	<magic level = "1" type = "3" name="Dead Area" damage="7" mana ="10" description ="Crea una zona de sufrimiento" element = "3"/>
	-->
	
	<!-- Kenzie -->
	<character ID= "15">
		<magic level = "1" type = "0" name="Fire Ball" damage="10" mana ="5" description ="Channels a small ember and targets one enemy dealing fire damage." element = "1"/>
		<magic level = "1" type = "0" name="Super Fire" damage="40" mana ="18" description ="Transforms the soil to magma dealing fire damage to all enemies." element = "1"/>
		<magic level = "1" type = "1" name="Healing" damage="7" mana ="5" description ="Creates water to heal one ally wounds." element = "2"/>
	</character>
	
	<!-- Keiler -->
	<character ID= "16">
		<magic level = "1" type = "0" name="Fire Ball" damage="10" mana ="5" description ="Channels a small ember and targets one enemy dealing fire damage." element = "1"/>
		<magic level = "1" type = "0" name="Shadow" damage="20" mana ="10" description ="The user throws a shadowy blob at the opponent. " element = "3"/>		
		<magic level = "1" type = "1" name="Healing" damage="7" mana ="5" description ="Creates water to heal one ally wounds." element = "2"/>
		<magic level = "1" type = "3" name="Dead Area" damage="7" mana ="5" description ="Makes the entire floor rumble, dealing earth damage to all enemies" element = "3"/>
	</character>
	
	<!-- Isrra -->
	<character ID = "17">
		<magic level = "1" type = "1" name="Healing" damage="7" mana ="5" description ="Creates water to heal one ally wounds." element = "2"/>
		<magic level = "1" type = "0" name="Fire Ball" damage="10" mana ="5" description ="Channels a small ember and targets one enemy dealing fire damage." element = "1"/>
    <magic level = "1" type = "2" name="Restoration" damage="4" mana ="5" description ="Invokes divine light that heals all allies" element = "2"/>
  </character>
	
	<!-- Brenda -->
	<character ID = "18">
		<magic level = "1" type = "1" name="Healing" damage="7" mana ="5" description ="Creates water to heal one ally wounds." element = "2"/>
		<magic level = "1" type = "0" name="Fire Ball" damage="10" mana ="5" description ="Channels a small ember and targets one enemy dealing fire damage." element = "1"/>
    <magic level = "1" type = "0" name="Shadow" damage="20" mana ="10" description ="The user throws a shadowy blob at the opponent. " element = "3"/>
  </character>
</magics>
